Paper_Table_Row_Number	Quantum_Code_Parameters	Vector_u	Scalar_a	Generator_Matrix_G
1	[[7,2,5;5]]_2	w^2 w^2 1 1 w w	1	1 0 0 0 w 1 | 0 1 0 0 1 w | 0 0 1 0 w^2 1 | 0 0 0 1 0 w
2	[[8,2,6;6]]_2	0 w w^2 w^2 w^2 w^2 1	1	1 0 0 0 0 w^2 1 | 0 1 0 0 0 1 1 | 0 0 1 0 0 w 1 | 0 0 0 1 0 w^2 w^2 | 0 0 0 0 1 1 0
3	[[9,2,5;3]]_2	w^2 1 0 1 0 1 w^2 w^2	1	1 0 0 0 1 1 w^2 1 | 0 1 0 0 1 1 1 w^2 | 0 0 1 0 w^2 1 1 1 | 0 0 0 1 1 w^2 1 1
4	[[9,3,5;4]]_2	w^2 1 w^2 1 0 1 0 1	1	1 0 0 0 w w w^2 0 | 0 1 0 0 0 w w w^2 | 0 0 1 0 w^2 0 w w | 0 0 0 1 w w^2 0 w
5	[[11,2,7;7]]_2	0 w 0 w w^2 0 1 w^2 1 1	1	1 0 0 0 0 0 w 0 0 w | 0 1 0 0 0 0 w^2 0 w w | 0 0 1 0 0 0 w^2 0 1 w | 0 0 0 1 0 0 w 0 1 0 | 0 0 0 0 1 0 w^2 0 w^2 w | 0 0 0 0 0 1 0 0 w^2 w^2 | 0 0 0 0 0 0 0 1 1 w^2
6	[[11,3,7;8]]_2	1 w 1 w^2 0 w^2 w w w 0	1	1 0 0 0 0 0 w 0 0 w | 0 1 0 0 0 0 w^2 0 w w | 0 0 1 0 0 0 w^2 0 1 w | 0 0 0 1 0 0 w 0 1 0 | 0 0 0 0 1 0 w^2 0 w^2 w | 0 0 0 0 0 1 0 0 w^2 w^2 | 0 0 0 0 0 0 0 1 1 w^2
7	[[11,5,4;2]]_2	1 1 0 1 w 0 w^2 w^2 w 0	1	1 0 w^2 0 w w w w^2 w^2 0 | 0 1 1 0 w 0 1 0 w^2 w^2 | 0 0 0 1 0 w^2 1 w^2 w^2 1
8	[[13,2,10;11]]_2	w w^2 1 0 1 w w 1 1 1 1 1	1	1 0 0 0 0 0 0 0 0 0 w w | 0 1 0 0 0 0 0 0 0 0 0 w | 0 0 1 0 0 0 0 0 0 0 w^2 w^2 | 0 0 0 1 0 0 0 0 0 0 w^2 w | 0 0 0 0 1 0 0 0 0 0 w w | 0 0 0 0 0 1 0 0 0 0 w^2 w | 0 0 0 0 0 0 1 0 0 0 w w^2 | 0 0 0 0 0 0 0 1 0 0 w^2 w | 0 0 0 0 0 0 0 0 1 0 0 w^2 | 0 0 0 0 0 0 0 0 0 1 w^2 1
9	[[13,3,6;4]]_2	w w 1 1 0 0 0 1 w^2 1 w 1	1	1 0 0 0 0 0 1 w^2 0 1 0 1 | 0 1 0 0 0 0 1 1 w^2 0 1 0 | 0 0 1 0 0 0 0 1 1 w^2 0 1 | 0 0 0 1 0 0 1 0 1 1 w^2 0 | 0 0 0 0 1 0 0 1 0 1 1 w^2 | 0 0 0 0 0 1 w^2 0 1 0 1 1
10	[[13,6,6;7]]_2	w^2 w w^2 0 w 0 1 w 1 1 w 1	1	1 0 0 0 0 1 0 w 1 0 1 w^2 | 0 1 0 0 0 1 0 1 0 w w 1 | 0 0 1 0 0 1 0 w^2 1 1 w 0 | 0 0 0 1 0 1 0 w w 1 0 1 | 0 0 0 0 1 1 0 w^2 w w^2 1 w | 0 0 0 0 0 0 1 1 1 1 1 1
11	[[13,7,5;6]]_2	w w^2 w w^2 1 w 1 0 0 w w^2 w^2	1	1 0 0 0 1 1 0 w 0 w^2 w^2 w | 0 1 0 0 1 0 0 1 w^2 1 w^2 0 | 0 0 1 0 0 1 0 0 1 w^2 1 w^2 | 0 0 0 1 1 1 0 w^2 w 1 1 1 | 0 0 0 0 0 0 1 w w^2 1 w w^2
12	[[15,12,3;3]]_2	0 w w^2 w^2 w^2 0 0 w^2 w^2 w 1 w w^2 1	1	1 0 1 w^2 1 0 w w w w^2 0 w 1 w^2 | 0 1 w w^2 0 1 1 w 1 w w w^2 1 1
13	[[17,12,3;1]]_2	w^2 1 w 1 0 w^2 1 w w^2 w^2 0 w^2 1 0 w^2 0	1	1 0 w^2 w^2 w^2 w^2 0 w w^2 w 0 w w 1 0 1 | 0 1 1 w w w w^2 w^2 0 0 w w^2 1 0 1 w
14	[[23,2,18;21]]_2	w^2 w^2 w^2 1 0 1 0 w 1 w^2 w^2 w^2 1 0 1 w^2 w 1 0 1 w w	1	1 0 0 0 0 0 0 0 0 0 0 0 0 0 0 0 0 0 0 1 0 1 | 0 1 0 0 0 0 0 0 0 0 0 0 0 0 0 0 0 0 0 w^2 0 w | 0 0 1 0 0 0 0 0 0 0 0 0 0 0 0 0 0 0 0 w^2 0 w | 0 0 0 1 0 0 0 0 0 0 0 0 0 0 0 0 0 0 0 1 0 0 | 0 0 0 0 1 0 0 0 0 0 0 0 0 0 0 0 0 0 0 1 0 w | 0 0 0 0 0 1 0 0 0 0 0 0 0 0 0 0 0 0 0 w^2 0 w^2 | 0 0 0 0 0 0 1 0 0 0 0 0 0 0 0 0 0 0 0 w 0 w^2 | 0 0 0 0 0 0 0 1 0 0 0 0 0 0 0 0 0 0 0 0 0 1 | 0 0 0 0 0 0 0 0 1 0 0 0 0 0 0 0 0 0 0 0 0 w | 0 0 0 0 0 0 0 0 0 1 0 0 0 0 0 0 0 0 0 1 0 1 | 0 0 0 0 0 0 0 0 0 0 1 0 0 0 0 0 0 0 0 1 0 1 | 0 0 0 0 0 0 0 0 0 0 0 1 0 0 0 0 0 0 0 0 0 w^2 | 0 0 0 0 0 0 0 0 0 0 0 0 1 0 0 0 0 0 0 1 0 0 | 0 0 0 0 0 0 0 0 0 0 0 0 0 1 0 0 0 0 0 w 0 w^2 | 0 0 0 0 0 0 0 0 0 0 0 0 0 0 1 0 0 0 0 w 0 1 | 0 0 0 0 0 0 0 0 0 0 0 0 0 0 0 1 0 0 0 w 0 0 | 0 0 0 0 0 0 0 0 0 0 0 0 0 0 0 0 1 0 0 1 0 w^2 | 0 0 0 0 0 0 0 0 0 0 0 0 0 0 0 0 0 1 0 w 0 1 | 0 0 0 0 0 0 0 0 0 0 0 0 0 0 0 0 0 0 1 w^2 0 1 | 0 0 0 0 0 0 0 0 0 0 0 0 0 0 0 0 0 0 0 0 1 1
15	[[23,6,11;15]]_2	0 w w w^2 w^2 1 1 w^2 w^2 0 0 1 w^2 w^2 w^2 1 1 w w 1 0 0	1	1 0 0 0 0 0 0 0 0 0 0 0 0 0 0 w^2 w^2 w^2 w^2 0 w^2 w^2 | 0 1 0 0 0 0 0 0 0 0 0 0 0 0 0 w^2 w 1 w^2 w^2 w^2 1 | 0 0 1 0 0 0 0 0 0 0 0 0 0 0 0 0 w 0 w 0 1 0 | 0 0 0 1 0 0 0 0 0 0 0 0 0 0 0 w^2 w w^2 1 w 1 1 | 0 0 0 0 1 0 0 0 0 0 0 0 0 0 0 w^2 w^2 0 w w^2 0 w^2 | 0 0 0 0 0 1 0 0 0 0 0 0 0 0 0 0 w^2 w w^2 1 w^2 w | 0 0 0 0 0 0 1 0 0 0 0 0 0 0 0 w w 0 0 1 1 1 | 0 0 0 0 0 0 0 1 0 0 0 0 0 0 0 w^2 0 1 1 1 w^2 0 | 0 0 0 0 0 0 0 0 1 0 0 0 0 0 0 0 w^2 0 0 1 1 w^2 | 0 0 0 0 0 0 0 0 0 1 0 0 0 0 0 w^2 1 0 0 w w^2 w^2 | 0 0 0 0 0 0 0 0 0 0 1 0 0 0 0 1 w w 0 w w 1 | 0 0 0 0 0 0 0 0 0 0 0 1 0 0 0 0 0 w 1 w^2 w^2 w | 0 0 0 0 0 0 0 0 0 0 0 0 1 0 0 1 w^2 w 1 w w^2 1 | 0 0 0 0 0 0 0 0 0 0 0 0 0 1 0 0 w w^2 w^2 0 w w | 0 0 0 0 0 0 0 0 0 0 0 0 0 0 1 w w^2 w 1 1 w 0
16	[[29,14,7;9]]_2	w 1 0 0 1 w w w^2 w^2 w w^2 0 1 w 1 0 w^2 0 w w^2 w 1 1 w w w w 0	1	1 0 0 0 0 0 0 0 0 0 0 0 w w^2 w^2 0 w^2 w 1 w^2 w^2 1 w 1 0 w^2 1 w | 0 1 0 0 0 0 0 0 0 0 w 0 w^2 0 w^2 w^2 w w^2 1 w w w w^2 w^2 1 w w 1 | 0 0 1 0 0 0 0 0 0 0 w^2 0 0 w 0 0 1 1 0 0 w w^2 w 0 0 0 w^2 w^2 | 0 0 0 1 0 0 0 0 0 0 w^2 0 1 w^2 w^2 1 w w w w w 0 w^2 w^2 1 w^2 w w^2 | 0 0 0 0 1 0 0 0 0 0 w^2 0 w^2 1 0 w 0 w^2 0 w^2 w^2 1 w w^2 w 1 0 0 | 0 0 0 0 0 1 0 0 0 0 1 0 w w 1 1 w w^2 w^2 1 0 0 w^2 w w w^2 w 0 | 0 0 0 0 0 0 1 0 0 0 w^2 0 w 0 0 w^2 1 0 w^2 w w 0 1 w 0 0 w^2 1 | 0 0 0 0 0 0 0 1 0 0 w 0 w^2 0 w 1 0 w 1 w^2 w^2 w^2 1 w^2 w^2 w 1 w^2 | 0 0 0 0 0 0 0 0 1 0 1 0 w w 1 1 w^2 w 1 1 0 0 0 0 0 w 1 1 | 0 0 0 0 0 0 0 0 0 1 w^2 0 w 0 1 w^2 1 1 w 0 w 0 1 1 w w w w | 0 0 0 0 0 0 0 0 0 0 0 1 w w^2 0 w 1 w^2 w w w^2 1 w^2 0 w w^2 1 w
17	[[7,0,7;5]]_3	w^2 w^5 w^7 w w^7 w	1	1 0 0 0 0 w^7 | 0 1 0 0 0 1 | 0 0 1 0 0 w^6 | 0 0 0 1 0 2 | 0 0 0 0 1 w^6
18	[[7,2,5;3]]_3	w^6 2 w^7 1 w^5 w^7	1	1 0 0 w^2 w 2 | 0 1 0 2 w^2 w | 0 0 1 w 2 w^2
19	[[9,0,9;7]]_3	w w^2 w^7 w^7 w^3 w^2 w^2 w^5	w	1 0 0 0 0 0 0 1 | 0 1 0 0 0 0 0 w^3 | 0 0 1 0 0 0 0 w^2 | 0 0 0 1 0 0 0 w^2 | 0 0 0 0 1 0 0 w^6 | 0 0 0 0 0 1 0 w^3 | 0 0 0 0 0 0 1 w^3
20	[[15,2,13;13]]_3	w^3 1 w^6 1 w^7 w^2 w w^7 w^6 w^7 0 w^2 w^6 w^2	1	1 0 0 0 0 0 0 0 0 0 0 1 0 w^2 | 0 1 0 0 0 0 0 0 0 0 0 2 0 w^5 | 0 0 1 0 0 0 0 0 0 0 0 w^7 0 w^6 | 0 0 0 1 0 0 0 0 0 0 0 w^6 0 0 | 0 0 0 0 1 0 0 0 0 0 0 w^5 0 1 | 0 0 0 0 0 1 0 0 0 0 0 1 0 1 | 0 0 0 0 0 0 1 0 0 0 0 w^3 0 w^6 | 0 0 0 0 0 0 0 1 0 0 0 w^7 0 w^7 | 0 0 0 0 0 0 0 0 1 0 0 w^7 0 w^6 | 0 0 0 0 0 0 0 0 0 1 0 1 0 w^5 | 0 0 0 0 0 0 0 0 0 0 1 1 0 2 | 0 0 0 0 0 0 0 0 0 0 0 0 1 1
21	[[16,2,14;14]]_3	w^5 w w^5 w w^7 0 w^2 2 w^5 w^6 w w^5 1 0 w^7	1	1 0 0 0 0 0 0 0 0 0 0 0 0 w^6 w^6 | 0 1 0 0 0 0 0 0 0 0 0 0 0 1 w^2 | 0 0 1 0 0 0 0 0 0 0 0 0 0 w^7 w^6 | 0 0 0 1 0 0 0 0 0 0 0 0 0 w^5 w^2 | 0 0 0 0 1 0 0 0 0 0 0 0 0 w 2 | 0 0 0 0 0 1 0 0 0 0 0 0 0 w^3 0 | 0 0 0 0 0 0 1 0 0 0 0 0 0 w^3 w^5 | 0 0 0 0 0 0 0 1 0 0 0 0 0 0 w^3 | 0 0 0 0 0 0 0 0 1 0 0 0 0 1 w^6 | 0 0 0 0 0 0 0 0 0 1 0 0 0 w^3 w | 0 0 0 0 0 0 0 0 0 0 1 0 0 w^2 w^2 | 0 0 0 0 0 0 0 0 0 0 0 1 0 w^2 w^6 | 0 0 0 0 0 0 0 0 0 0 0 0 1 w^2 w^7
